time_ms,event,task
0.424,in,Tmr Svc
1.010,out,Tmr Svc
1.152,in,argProvider1
15.799,out,argProvider1
16.354,in,argProvider2
16.587,out,argProvider2
16.699,in,TX
16.894,out,TX
16.937,in,IDLE
17.118,out,IDLE
17.217,in,argProvider1
18.132,out,argProvider1
18.242,in,argProvider2
19.129,out,argProvider2
19.233,in,IDLE
20.311,out,IDLE
20.399,in,argProvider1
22.106,out,argProvider1
22.195,in,argProvider2
23.112,out,argProvider2
23.199,in,IDLE
24.406,out,IDLE
24.572,in,argProvider1
25.191,out,argProvider1
25.369,in,argProvider2
26.180,out,argProvider2
26.264,in,IDLE
27.199,out,IDLE
27.360,in,argProvider1
28.142,out,argProvider1
28.976,in,argProvider2
29.700,out,argProvider2
30.350,in,IDLE
34.149,out,IDLE
35.733,in,argProvider1
36.124,out,argProvider1
36.639,in,argProvider2
45.938,out,argProvider2
46.355,in,IDLE
50.858,out,IDLE
53.230,in,argProvider1
55.427,out,argProvider1
55.964,in,argProvider2
61.814,out,argProvider2
62.173,in,IDLE
63.727,out,IDLE
64.168,in,argProvider1
64.482,out,argProvider1
66.767,in,argProvider2
78.126,out,argProvider2
78.745,in,IDLE
80.552,out,IDLE
80.900,in,argProvider1
81.375,out,argProvider1
83.573,in,argProvider2
83.907,out,argProvider2
84.831,in,IDLE
85.972,out,IDLE
86.477,in,Tmr Svc
86.866,out,Tmr Svc
87.262,in,argProvider1
93.096,out,argProvider1
93.604,in,argProvider2
94.911,out,argProvider2
95.202,in,IDLE
95.575,out,IDLE
95.898,in,argProvider1
107.714,out,argProvider1
108.034,in,argProvider2
109.544,out,argProvider2
110.001,in,IDLE
110.947,out,IDLE
111.345,in,argProvider1
123.490,out,argProvider1
123.904,in,argProvider2
126.037,out,argProvider2
126.385,in,IDLE
126.787,out,IDLE
127.161,in,argProvider1
138.948,out,argProvider1
139.248,in,argProvider2
140.610,out,argProvider2
140.938,in,IDLE
141.363,out,IDLE
141.749,in,argProvider1
142.212,out,argProvider1
142.626,in,argProvider2
143.067,out,argProvider2
143.143,in,IDLE
144.525,out,IDLE
144.998,in,Tmr Svc
145.462,out,Tmr Svc
145.851,in,argProvider1
146.182,out,argProvider1
146.804,in,argProvider2
147.372,out,argProvider2
147.927,in,IDLE
150.072,out,IDLE
150.394,in,argProvider1
150.822,out,argProvider1
151.147,in,argProvider2
154.775,out,argProvider2
155.072,in,IDLE
155.852,out,IDLE
156.148,in,argProvider1
156.521,out,argProvider1
156.850,in,argProvider2
157.221,out,argProvider2
157.550,in,IDLE
157.920,out,IDLE
158.242,in,argProvider1
158.616,out,argProvider1
158.939,in,argProvider2
159.317,out,argProvider2
159.652,in,IDLE
160.296,out,IDLE
161.282,in,argProvider1
161.716,out,argProvider1
162.153,in,argProvider2
162.544,out,argProvider2
162.877,in,IDLE
163.361,out,IDLE
163.645,in,argProvider1
164.349,out,argProvider1
166.269,in,argProvider2
166.560,out,argProvider2
166.938,in,IDLE
170.344,out,IDLE
170.769,in,argProvider1
171.385,out,argProvider1
171.672,in,argProvider2
172.031,out,argProvider2
172.382,in,IDLE
172.850,out,IDLE
173.195,in,argProvider1
173.526,out,argProvider1
173.866,in,argProvider2
174.283,out,argProvider2
174.701,in,IDLE
175.296,out,IDLE
175.676,in,argProvider1
176.284,out,argProvider1
176.588,in,argProvider2
177.262,out,argProvider2
178.096,in,IDLE
178.584,out,IDLE
179.000,in,Tmr Svc
179.369,out,Tmr Svc
180.983,in,argProvider1
181.192,out,argProvider1
181.866,in,argProvider2
186.151,out,argProvider2
186.569,in,IDLE
187.358,out,IDLE
187.803,in,argProvider1
201.102,out,argProvider1
201.468,in,argProvider2
203.126,out,argProvider2
203.545,in,IDLE
203.933,out,IDLE
204.297,in,argProvider1
217.143,out,argProvider1
217.448,in,argProvider2
218.760,out,argProvider2
219.172,in,IDLE
220.051,out,IDLE
220.435,in,argProvider1
221.280,out,argProvider1
221.627,in,argProvider2
223.277,out,argProvider2
223.749,in,IDLE
224.093,out,IDLE
224.503,in,argProvider1
224.856,out,argProvider1
225.200,in,argProvider2
225.563,out,argProvider2
225.912,in,IDLE
226.366,out,IDLE
226.756,in,argProvider1
227.398,out,argProvider1
227.458,in,argProvider2
228.613,out,argProvider2
229.155,in,IDLE
229.661,out,IDLE
230.086,in,argProvider1
230.460,out,argProvider1
231.026,in,argProvider2
232.646,out,argProvider2
234.558,in,IDLE
234.940,out,IDLE
235.628,in,argProvider1
248.901,out,argProvider1
249.255,in,argProvider2
250.787,out,argProvider2
251.118,in,IDLE
251.524,out,IDLE
251.873,in,Tmr Svc
252.214,out,Tmr Svc
253.099,in,argProvider1
253.544,out,argProvider1
253.902,in,argProvider2
254.349,out,argProvider2
254.716,in,IDLE
255.069,out,IDLE
255.424,in,argProvider1
256.271,out,argProvider1
256.588,in,argProvider2
257.255,out,argProvider2
257.641,in,IDLE
258.256,out,IDLE
258.609,in,argProvider1
259.260,out,argProvider1
259.612,in,argProvider2
260.264,out,argProvider2
260.636,in,IDLE
261.255,out,IDLE
261.929,in,argProvider1
262.751,out,argProvider1
263.149,in,argProvider2
263.775,out,argProvider2
264.382,in,IDLE
267.886,out,IDLE
268.640,in,argProvider1
269.041,out,argProvider1
269.557,in,argProvider2
279.825,out,argProvider2
282.109,in,IDLE
282.491,out,IDLE
282.853,in,argProvider1
283.210,out,argProvider1
283.614,in,argProvider2
284.037,out,argProvider2
284.359,in,IDLE
284.781,out,IDLE
285.133,in,Tmr Svc
285.500,out,Tmr Svc
285.844,in,argProvider1
286.182,out,argProvider1
286.562,in,argProvider2
287.067,out,argProvider2
288.242,in,IDLE
288.834,out,IDLE
289.200,in,argProvider1
289.590,out,argProvider1
289.939,in,argProvider2
290.313,out,argProvider2
290.712,in,IDLE
291.081,out,IDLE
291.456,in,argProvider1
291.821,out,argProvider1
292.172,in,argProvider2
292.569,out,argProvider2
292.935,in,IDLE
293.285,out,IDLE
293.733,in,argProvider1
296.207,out,argProvider1
297.465,in,argProvider2
298.072,out,argProvider2
298.428,in,IDLE
309.890,out,IDLE
310.241,in,argProvider1
311.961,out,argProvider1
312.429,in,argProvider2
312.847,out,argProvider2
313.509,in,IDLE
313.898,out,IDLE
314.930,in,Tmr Svc
315.287,out,Tmr Svc
315.762,in,argProvider1
326.186,out,argProvider1
326.549,in,argProvider2
328.045,out,argProvider2
328.449,in,IDLE
328.841,out,IDLE
329.272,in,argProvider1
341.846,out,argProvider1
342.146,in,argProvider2
343.506,out,argProvider2
343.840,in,IDLE
344.239,out,IDLE
344.636,in,argProvider1
344.992,out,argProvider1
345.341,in,argProvider2
345.788,out,argProvider2
346.144,in,IDLE
347.196,out,IDLE
347.874,in,argProvider1
348.181,out,argProvider1
348.628,in,argProvider2
348.995,out,argProvider2
349.346,in,IDLE
349.802,out,IDLE
350.172,in,argProvider1
351.193,out,argProvider1
351.521,in,argProvider2
352.188,out,argProvider2
352.503,in,IDLE
352.857,out,IDLE
353.205,in,argProvider1
354.180,out,argProvider1
354.482,in,argProvider2
355.188,out,argProvider2
355.826,in,IDLE
358.455,out,IDLE
358.855,in,argProvider1
359.588,out,argProvider1
359.921,in,argProvider2
361.203,out,argProvider2
361.554,in,IDLE
362.180,out,IDLE
362.467,in,argProvider1
363.232,out,argProvider1
363.344,in,argProvider2
364.676,out,argProvider2
365.194,in,IDLE
365.789,out,IDLE
366.238,in,argProvider1
367.204,out,argProvider1
367.533,in,argProvider2
368.187,out,argProvider2
368.587,in,IDLE
369.213,out,IDLE
369.598,in,argProvider1
370.219,out,argProvider1
370.615,in,argProvider2
373.033,out,argProvider2
373.445,in,IDLE
374.134,out,IDLE
374.586,in,argProvider1
387.996,out,argProvider1
388.379,in,argProvider2
390.081,out,argProvider2
390.600,in,IDLE
390.955,out,IDLE
391.334,in,argProvider1
391.803,out,argProvider1
392.162,in,argProvider2
392.542,out,argProvider2
392.911,in,IDLE
393.279,out,IDLE
393.739,in,argProvider1
394.109,out,argProvider1
394.497,in,argProvider2
394.889,out,argProvider2
395.256,in,IDLE
395.708,out,IDLE
396.074,in,Tmr Svc
397.164,out,Tmr Svc
397.430,in,argProvider1
398.417,out,argProvider1
398.953,in,argProvider2
399.365,out,argProvider2
399.832,in,IDLE
400.204,out,IDLE
400.639,in,argProvider1
404.595,out,argProvider1
405.006,in,argProvider2
405.654,out,argProvider2
406.291,in,IDLE
406.729,out,IDLE
407.099,in,argProvider1
407.527,out,argProvider1
407.865,in,argProvider2
408.792,out,argProvider2
409.100,in,IDLE
409.784,out,IDLE
410.084,in,argProvider1
410.784,out,argProvider1
411.088,in,argProvider2
411.788,out,argProvider2
412.097,in,IDLE
412.781,out,IDLE
413.121,in,argProvider1
413.884,out,argProvider1
415.164,in,argProvider2
415.858,out,argProvider2
416.236,in,IDLE
417.808,out,IDLE
418.098,in,argProvider1
420.412,out,argProvider1
420.735,in,argProvider2
421.427,out,argProvider2
421.735,in,IDLE
424.922,out,IDLE
425.239,in,Tmr Svc
425.588,out,Tmr Svc
425.929,in,argProvider1
435.733,out,argProvider1
436.038,in,argProvider2
437.473,out,argProvider2
437.786,in,IDLE
438.142,out,IDLE
438.472,in,argProvider1
438.814,out,argProvider1
439.148,in,argProvider2
439.787,out,argProvider2
440.422,in,IDLE
440.767,out,IDLE
441.099,in,argProvider1
441.443,out,argProvider1
441.779,in,argProvider2
442.118,out,argProvider2
442.453,in,IDLE
443.875,out,IDLE
444.172,in,argProvider1
445.764,out,argProvider1
446.029,in,argProvider2
446.805,out,argProvider2
447.109,in,IDLE
448.084,out,IDLE
448.460,in,argProvider1
449.774,out,argProvider1
450.051,in,argProvider2
452.470,out,argProvider2
452.830,in,IDLE
453.438,out,IDLE
453.739,in,argProvider1
466.759,out,argProvider1
467.223,in,argProvider2
468.853,out,argProvider2
469.252,in,IDLE
469.958,out,IDLE
470.439,in,argProvider1
482.175,out,argProvider1
482.638,in,argProvider2
484.196,out,argProvider2
484.909,in,IDLE
485.524,out,IDLE
486.103,in,argProvider1
498.082,out,argProvider1
498.488,in,argProvider2
499.851,out,argProvider2
500.205,in,IDLE
500.635,out,IDLE
501.012,in,argProvider1
514.305,out,argProvider1
516.280,in,argProvider2
516.463,out,argProvider2
516.578,in,IDLE
517.005,out,IDLE
517.404,in,Tmr Svc
517.932,out,Tmr Svc
518.306,in,argProvider1
528.700,out,argProvider1
529.073,in,argProvider2
530.788,out,argProvider2
531.652,in,IDLE
532.127,out,IDLE
532.591,in,argProvider1
542.883,out,argProvider1
544.264,in,argProvider2
544.684,out,argProvider2
546.203,in,IDLE
546.953,out,IDLE
547.305,in,argProvider1
558.494,out,argProvider1
558.942,in,argProvider2
560.488,out,argProvider2
560.802,in,IDLE
561.157,out,IDLE
561.496,in,argProvider1
573.623,out,argProvider1
574.043,in,argProvider2
575.729,out,argProvider2
576.248,in,IDLE
577.077,out,IDLE
577.690,in,argProvider1
578.136,out,argProvider1
578.560,in,argProvider2
589.220,out,argProvider2
589.649,in,IDLE
591.281,out,IDLE
591.686,in,argProvider1
592.180,out,argProvider1
592.716,in,argProvider2
605.233,out,argProvider2
605.717,in,IDLE
607.339,out,IDLE
608.103,in,argProvider1
608.896,out,argProvider1
609.435,in,argProvider2
621.287,out,argProvider2
621.715,in,IDLE
623.140,out,IDLE
623.474,in,argProvider1
623.814,out,argProvider1
624.142,in,argProvider2
637.152,out,argProvider2
637.498,in,IDLE
638.860,out,IDLE
639.168,in,argProvider1
639.534,out,argProvider1
639.870,in,argProvider2
640.224,out,argProvider2
640.571,in,IDLE
640.903,out,IDLE
641.234,in,argProvider1
641.574,out,argProvider1
641.889,in,argProvider2
642.439,out,argProvider2
642.735,in,IDLE
643.419,out,IDLE
643.712,in,argProvider1
644.402,out,argProvider1
645.254,in,argProvider2
645.792,out,argProvider2
646.115,in,IDLE
646.472,out,IDLE
646.877,in,argProvider1
647.427,out,argProvider1
647.877,in,argProvider2
648.477,out,argProvider2
648.803,in,IDLE
649.392,out,IDLE
649.692,in,argProvider1
650.388,out,argProvider1
650.689,in,argProvider2
651.387,out,argProvider2
651.681,in,IDLE
652.975,out,IDLE
655.084,in,argProvider1
655.393,out,argProvider1
656.051,in,argProvider2
656.364,out,argProvider2
656.699,in,IDLE
657.396,out,IDLE
657.691,in,argProvider1
658.405,out,argProvider1
658.686,in,argProvider2
659.413,out,argProvider2
659.758,in,IDLE
660.106,out,IDLE
660.443,in,Tmr Svc
660.776,out,Tmr Svc
661.109,in,argProvider1
661.642,out,argProvider1
662.452,in,argProvider2
662.905,out,argProvider2
663.334,in,IDLE
663.728,out,IDLE
664.189,in,argProvider1
664.596,out,argProvider1
664.946,in,argProvider2
665.435,out,argProvider2
665.788,in,IDLE
666.160,out,IDLE
666.517,in,argProvider1
666.871,out,argProvider1
667.227,in,argProvider2
667.584,out,argProvider2
667.938,in,IDLE
670.431,out,IDLE
671.056,in,argProvider1
671.738,out,argProvider1
672.029,in,argProvider2
685.049,out,argProvider2
685.409,in,IDLE
686.866,out,IDLE
687.172,in,argProvider1
687.533,out,argProvider1
687.874,in,argProvider2
688.205,out,argProvider2
688.558,in,IDLE
688.898,out,IDLE
689.227,in,argProvider1
689.561,out,argProvider1
689.900,in,argProvider2
690.421,out,argProvider2
690.700,in,IDLE
691.052,out,IDLE
691.388,in,Tmr Svc
691.719,out,Tmr Svc
692.053,in,argProvider1
692.428,out,argProvider1
692.754,in,argProvider2
693.385,out,argProvider2
693.675,in,IDLE
694.004,out,IDLE
694.340,in,argProvider1
694.674,out,argProvider1
695.005,in,argProvider2
695.413,out,argProvider2
695.463,in,IDLE
696.442,out,IDLE
697.049,in,argProvider1
697.502,out,argProvider1
698.441,in,argProvider2
698.784,out,argProvider2
699.160,in,IDLE
699.529,out,IDLE
699.898,in,argProvider1
702.401,out,argProvider1
702.732,in,argProvider2
703.394,out,argProvider2
704.083,in,IDLE
704.460,out,IDLE
704.818,in,argProvider1
705.414,out,argProvider1
705.712,in,argProvider2
707.380,out,argProvider2
707.680,in,IDLE
708.382,out,IDLE
708.665,in,argProvider1
709.385,out,argProvider1
709.679,in,argProvider2
710.393,out,argProvider2
710.678,in,IDLE
711.437,out,IDLE
711.988,in,argProvider1
712.407,out,argProvider1
712.745,in,argProvider2
713.430,out,argProvider2
713.752,in,IDLE
714.082,out,IDLE
714.932,in,Tmr Svc
715.242,out,Tmr Svc
715.597,in,argProvider1
715.939,out,argProvider1
716.283,in,argProvider2
719.409,out,argProvider2
719.773,in,IDLE
720.564,out,IDLE
721.107,in,argProvider1
733.079,out,argProvider1
733.445,in,argProvider2
735.059,out,argProvider2
735.427,in,IDLE
735.806,out,IDLE
736.210,in,argProvider1
748.846,out,argProvider1
749.286,in,argProvider2
750.869,out,argProvider2
751.411,in,IDLE
751.966,out,IDLE
752.517,in,argProvider1
763.162,out,argProvider1
764.939,in,argProvider2
765.648,out,argProvider2
766.192,in,IDLE
778.396,out,IDLE
778.840,in,argProvider1
780.738,out,argProvider1
781.457,in,argProvider2
782.234,out,argProvider2
782.847,in,IDLE
783.449,out,IDLE
783.912,in,Tmr Svc
784.433,out,Tmr Svc
784.914,in,argProvider1
794.428,out,argProvider1
794.840,in,argProvider2
797.815,out,argProvider2
799.305,in,IDLE
799.756,out,IDLE
800.173,in,argProvider1
809.221,out,argProvider1
809.590,in,argProvider2
811.165,out,argProvider2
811.615,in,IDLE
812.095,out,IDLE
812.491,in,argProvider1
825.253,out,argProvider1
825.697,in,argProvider2
827.313,out,argProvider2
827.901,in,IDLE
828.446,out,IDLE
828.965,in,argProvider1
840.535,out,argProvider1
840.972,in,argProvider2
842.634,out,argProvider2
843.206,in,IDLE
843.808,out,IDLE
844.390,in,argProvider1
855.198,out,argProvider1
856.911,in,TX
858.492,out,TX
858.951,in,argProvider2
871.101,out,argProvider2
871.559,in,IDLE
873.497,out,IDLE
874.059,in,argProvider1
876.021,out,argProvider1
876.705,in,TX
877.307,out,TX
877.767,in,argProvider2
886.375,out,argProvider2
886.844,in,IDLE
889.089,out,IDLE
891.091,in,argProvider1
891.468,out,argProvider1
891.839,in,argProvider2
901.042,out,argProvider2
901.423,in,IDLE
902.788,out,IDLE
903.186,in,argProvider1
903.558,out,argProvider1
903.916,in,argProvider2
904.276,out,argProvider2
904.640,in,IDLE
905.000,out,IDLE
905.376,in,argProvider1
906.203,out,argProvider1
906.523,in,argProvider2
906.836,out,argProvider2
907.150,in,IDLE
907.461,out,IDLE
907.766,in,argProvider1
908.081,out,argProvider1
908.409,in,TX
908.721,out,TX
909.027,in,argProvider2
909.426,out,argProvider2
909.737,in,IDLE
910.400,out,IDLE
910.717,in,argProvider1
911.423,out,argProvider1
911.723,in,TX
912.030,out,TX
912.334,in,argProvider2
912.683,out,argProvider2
912.961,in,IDLE
913.412,out,IDLE
913.749,in,argProvider1
914.538,out,argProvider1
915.525,in,argProvider2
916.064,out,argProvider2
916.481,in,IDLE
918.817,out,IDLE
919.164,in,argProvider1
919.739,out,argProvider1
920.075,in,argProvider2
920.401,out,argProvider2
920.693,in,IDLE
921.473,out,IDLE
921.841,in,argProvider1
923.392,out,argProvider1
923.891,in,argProvider2
924.400,out,argProvider2
924.724,in,IDLE
925.403,out,IDLE
925.708,in,argProvider1
926.421,out,argProvider1
926.702,in,TX
927.304,out,TX
927.604,in,argProvider2
927.904,out,argProvider2
928.201,in,IDLE
928.524,out,IDLE
928.820,in,Tmr Svc
929.151,out,Tmr Svc
929.450,in,argProvider1
929.726,out,argProvider1
930.037,in,argProvider2
930.409,out,argProvider2
930.800,in,IDLE
931.887,out,IDLE
932.314,in,argProvider1
934.852,out,argProvider1
935.219,in,argProvider2
948.480,out,argProvider2
950.403,in,IDLE
951.754,out,IDLE
952.154,in,argProvider1
964.761,out,argProvider1
965.147,in,argProvider2
967.053,out,argProvider2
967.594,in,IDLE
968.131,out,IDLE
968.691,in,argProvider1
979.213,out,argProvider1
979.644,in,argProvider2
981.973,out,argProvider2
982.699,in,IDLE
983.296,out,IDLE
985.486,in,argProvider1
994.250,out,argProvider1
994.673,in,argProvider2
996.250,out,argProvider2
997.549,in,IDLE
997.862,out,IDLE
998.400,in,argProvider1
1011.014,out,argProvider1
1011.496,in,argProvider2
1013.067,out,argProvider2
1013.914,in,IDLE
1025.140,out,IDLE
1025.612,in,argProvider1
1027.346,out,argProvider1
1027.957,in,argProvider2
1028.500,out,argProvider2
1030.860,in,IDLE
1031.322,out,IDLE
1031.709,in,argProvider1
1040.371,out,argProvider1
1040.763,in,argProvider2
1042.377,out,argProvider2
1042.971,in,IDLE
1043.537,out,IDLE
1044.165,in,argProvider1
1056.232,out,argProvider1
1058.913,in,argProvider2
1060.168,out,argProvider2
1060.869,in,IDLE
1061.985,out,IDLE
1062.546,in,Tmr Svc
1063.024,out,Tmr Svc
1064.145,in,argProvider1
1071.463,out,argProvider1
1072.035,in,argProvider2
1073.667,out,argProvider2
1074.133,in,IDLE
1074.469,out,IDLE
1074.793,in,argProvider1
1087.352,out,argProvider1
1087.748,in,argProvider2
1090.107,out,argProvider2
1090.572,in,IDLE
1091.388,out,IDLE
1091.807,in,argProvider1
1102.277,out,argProvider1
1104.382,in,argProvider2
1107.000,out,argProvider2
1109.034,in,IDLE
1109.606,out,IDLE
1110.404,in,argProvider1
1117.283,out,argProvider1
1118.219,in,argProvider2
1119.599,out,argProvider2
1120.265,in,IDLE
1120.877,out,IDLE
1121.534,in,argProvider1
1132.336,out,argProvider1
1132.685,in,argProvider2
1134.191,out,argProvider2
1135.086,in,IDLE
1135.493,out,IDLE
1135.920,in,argProvider1
1136.368,out,argProvider1
1136.910,in,argProvider2
1137.278,out,argProvider2
1137.592,in,IDLE
1138.212,out,IDLE
1138.672,in,argProvider1
1139.019,out,argProvider1
1139.455,in,argProvider2
1139.997,out,argProvider2
1140.360,in,IDLE
1140.707,out,IDLE
1141.189,in,argProvider1
1141.618,out,argProvider1
1141.986,in,argProvider2
1142.479,out,argProvider2
1142.957,in,IDLE
1143.489,out,IDLE
1144.274,in,argProvider1
1144.782,out,argProvider1
1145.151,in,argProvider2
1145.880,out,argProvider2
1145.947,in,IDLE
1147.001,out,IDLE
1147.911,in,argProvider1
1151.091,out,argProvider1
1151.753,in,argProvider2
1152.175,out,argProvider2
1152.484,in,IDLE
1158.531,out,IDLE
1158.840,in,Tmr Svc
1159.148,out,Tmr Svc
1159.509,in,argProvider1
1163.259,out,argProvider1
1165.011,in,argProvider2
1165.503,out,argProvider2
1165.785,in,IDLE
1166.095,out,IDLE
1166.426,in,argProvider1
1178.440,out,argProvider1
1178.548,in,argProvider2
1178.869,out,argProvider2
1180.530,in,IDLE
1181.237,out,IDLE
1181.652,in,argProvider1
1194.405,out,argProvider1
1196.133,in,argProvider2
1197.902,out,argProvider2
1198.476,in,IDLE
1209.235,out,IDLE
1209.671,in,argProvider1
1211.586,out,argProvider1
1212.145,in,argProvider2
1214.197,out,argProvider2
1214.646,in,IDLE
1215.123,out,IDLE
1215.534,in,argProvider1
1225.349,out,argProvider1
1225.793,in,argProvider2
1227.431,out,argProvider2
1228.127,in,IDLE
1228.658,out,IDLE
1229.091,in,argProvider1
1240.168,out,argProvider1
1240.620,in,argProvider2
1242.199,out,argProvider2
1242.843,in,IDLE
1243.476,out,IDLE
1244.076,in,argProvider1
1256.047,out,argProvider1
1256.495,in,argProvider2
1258.057,out,argProvider2
1258.718,in,IDLE
1259.372,out,IDLE
1259.985,in,Tmr Svc
1260.568,out,Tmr Svc
1261.113,in,argProvider1
1271.283,out,argProvider1
1271.731,in,argProvider2
1273.420,out,argProvider2
1274.016,in,IDLE
1274.653,out,IDLE
1275.281,in,argProvider1
1286.345,out,argProvider1
1286.790,in,argProvider2
1288.379,out,argProvider2
1288.874,in,IDLE
1289.748,out,IDLE
1289.922,in,argProvider1
1301.900,out,argProvider1
1303.462,in,argProvider2
1304.819,out,argProvider2
1305.152,in,IDLE
1305.465,out,IDLE
1305.770,in,argProvider1
1317.177,out,argProvider1
1317.621,in,argProvider2
1319.150,out,argProvider2
1319.704,in,IDLE
1320.328,out,IDLE
1320.922,in,argProvider1
1333.286,out,argProvider1
1333.752,in,argProvider2
1335.321,out,argProvider2
1335.951,in,IDLE
1336.542,out,IDLE
1337.184,in,argProvider1
1349.653,out,argProvider1
1350.095,in,argProvider2
1351.650,out,argProvider2
1352.217,in,IDLE
1352.805,out,IDLE
1353.350,in,argProvider1
1353.959,out,argProvider1
1354.506,in,argProvider2
1355.089,out,argProvider2
1355.621,in,IDLE
1356.067,out,IDLE
1356.170,in,argProvider1
1356.564,out,argProvider1
1356.672,in,argProvider2
1357.496,out,argProvider2
1358.671,in,IDLE
1359.063,out,IDLE
1359.430,in,argProvider1
1359.749,out,argProvider1
1360.073,in,argProvider2
1360.413,out,argProvider2
1360.779,in,IDLE
1361.411,out,IDLE
1361.754,in,argProvider1
1362.409,out,argProvider1
1362.747,in,argProvider2
1363.426,out,argProvider2
1363.883,in,IDLE
1366.535,out,IDLE
1367.118,in,argProvider1
1367.780,out,argProvider1
1368.117,in,argProvider2
1381.725,out,argProvider2
1382.301,in,IDLE
1383.970,out,IDLE
1384.628,in,argProvider1
1397.452,out,argProvider1
1399.248,in,argProvider2
1399.913,out,argProvider2
1400.360,in,IDLE
1401.046,out,IDLE
1404.239,in,Tmr Svc
1404.659,out,Tmr Svc
1405.038,in,argProvider1
1412.970,out,argProvider1
1413.378,in,argProvider2
1415.552,out,argProvider2
1416.136,in,IDLE
1416.660,out,IDLE
1417.268,in,argProvider1
1428.944,out,argProvider1
1429.376,in,argProvider2
1431.066,out,argProvider2
1431.779,in,IDLE
1432.345,out,IDLE
1432.873,in,argProvider1
1433.383,out,argProvider1
1433.810,in,argProvider2
1434.424,out,argProvider2
1435.086,in,IDLE
1435.672,out,IDLE
1436.522,in,argProvider1
1437.377,out,argProvider1
1437.897,in,argProvider2
1438.317,out,argProvider2
1438.649,in,IDLE
1438.964,out,IDLE
1439.299,in,argProvider1
1440.094,out,argProvider1
1440.430,in,argProvider2
1441.058,out,argProvider2
1441.419,in,IDLE
1441.800,out,IDLE
1442.163,in,argProvider1
1442.482,out,argProvider1
1442.798,in,argProvider2
1443.127,out,argProvider2
1443.444,in,IDLE
1446.354,out,IDLE
1446.748,in,argProvider1
1447.448,out,argProvider1
1447.999,in,argProvider2
1448.450,out,argProvider2
1448.774,in,IDLE
1449.152,out,IDLE
1449.504,in,argProvider1
1450.065,out,argProvider1
1450.457,in,argProvider2
1451.061,out,argProvider2
1451.515,in,IDLE
1452.076,out,IDLE
1452.705,in,argProvider1
1453.070,out,argProvider1
1453.396,in,argProvider2
1454.059,out,argProvider2
1454.387,in,IDLE
1455.053,out,IDLE
1455.389,in,argProvider1
1456.055,out,argProvider1
1456.374,in,argProvider2
1457.054,out,argProvider2
1457.374,in,IDLE
1458.050,out,IDLE
1458.369,in,argProvider1
1459.077,out,argProvider1
1459.372,in,argProvider2
1462.228,out,argProvider2
1462.589,in,IDLE
1463.193,out,IDLE
1464.229,in,argProvider1
1476.729,out,argProvider1
1478.073,in,argProvider2
1479.617,out,argProvider2
1479.919,in,IDLE
1480.839,out,IDLE
1481.018,in,Tmr Svc
1481.382,out,Tmr Svc
1481.705,in,argProvider1
1491.989,out,argProvider1
1492.423,in,argProvider2
1493.971,out,argProvider2
1494.569,in,IDLE
1494.903,out,IDLE
1495.597,in,argProvider1
1506.701,out,argProvider1
1507.011,in,argProvider2
1508.355,out,argProvider2
1508.450,in,IDLE
1508.902,out,IDLE
1509.225,in,argProvider1
1509.632,out,argProvider1
1509.956,in,argProvider2
1510.269,out,argProvider2
1510.694,in,IDLE
1511.007,out,IDLE
1511.352,in,argProvider1
1511.717,out,argProvider1
1512.086,in,argProvider2
1512.921,out,argProvider2
1513.264,in,IDLE
1513.653,out,IDLE
1514.115,in,argProvider1
1514.760,out,argProvider1
1515.026,in,argProvider2
1515.357,out,argProvider2
1515.804,in,IDLE
1516.137,out,IDLE
1516.514,in,argProvider1
1517.067,out,argProvider1
1517.534,in,argProvider2
1518.063,out,argProvider2
1518.476,in,IDLE
1519.059,out,IDLE
1519.431,in,argProvider1
1520.084,out,argProvider1
1520.141,in,argProvider2
1521.522,out,argProvider2
1521.887,in,IDLE
1524.356,out,IDLE
1524.456,in,argProvider1
1524.800,out,argProvider1
1525.420,in,argProvider2
1525.865,out,argProvider2
1526.193,in,IDLE
1527.121,out,IDLE
1527.510,in,argProvider1
1529.064,out,argProvider1
1529.327,in,argProvider2
1530.055,out,argProvider2
1531.489,in,IDLE
1531.653,out,IDLE
1532.020,in,argProvider1
1532.347,out,argProvider1
1532.778,in,argProvider2
1533.093,out,argProvider2
1533.470,in,IDLE
1533.789,out,IDLE
1534.112,in,Tmr Svc
1534.468,out,Tmr Svc
1534.802,in,argProvider1
1535.107,out,argProvider1
1535.453,in,argProvider2
1536.056,out,argProvider2
1536.392,in,IDLE
1536.755,out,IDLE
1537.255,in,argProvider1
1537.892,out,argProvider1
1538.273,in,argProvider2
1540.715,out,argProvider2
1541.129,in,IDLE
1541.845,out,IDLE
1542.211,in,argProvider1
1554.872,out,argProvider1
1555.221,in,argProvider2
1556.826,out,argProvider2
1557.200,in,IDLE
1557.527,out,IDLE
1557.857,in,argProvider1
1570.881,out,argProvider1
1572.447,in,argProvider2
1573.763,out,argProvider2
1574.156,in,IDLE
1586.198,out,IDLE
1586.858,in,argProvider1
1588.618,out,argProvider1
1589.033,in,argProvider2
1589.434,out,argProvider2
1590.033,in,IDLE
1590.614,out,IDLE
1591.055,in,argProvider1
1591.465,out,argProvider1
1591.814,in,argProvider2
1592.177,out,argProvider2
1592.539,in,IDLE
1592.908,out,IDLE
1593.246,in,Tmr Svc
1593.673,out,Tmr Svc
1594.037,in,argProvider1
1594.402,out,argProvider1
1594.779,in,argProvider2
1595.129,out,argProvider2
1595.504,in,IDLE
1595.842,out,IDLE
1596.178,in,argProvider1
1596.498,out,argProvider1
1596.831,in,argProvider2
1597.373,out,argProvider2
1597.958,in,IDLE
1598.364,out,IDLE
1598.811,in,argProvider1
1599.185,out,argProvider1
1599.524,in,argProvider2
1600.076,out,argProvider2
1600.518,in,IDLE
1603.234,out,IDLE
1603.741,in,argProvider1
1604.424,out,argProvider1
1604.866,in,argProvider2
1617.408,out,argProvider2
1617.810,in,IDLE
1619.452,out,IDLE
1619.852,in,argProvider1
1620.181,out,argProvider1
1620.487,in,argProvider2
1633.085,out,argProvider2
1633.715,in,IDLE
1635.232,out,IDLE
1635.919,in,argProvider1
1636.299,out,argProvider1
1636.825,in,argProvider2
1648.826,out,argProvider2
1651.640,in,IDLE
1652.830,out,IDLE
1653.257,in,argProvider1
1662.838,out,argProvider1
1663.245,in,argProvider2
1665.492,out,argProvider2
1665.969,in,IDLE
1668.215,out,IDLE
1668.573,in,argProvider1
1677.843,out,argProvider1
1678.179,in,argProvider2
1679.575,out,argProvider2
1680.029,in,IDLE
1680.471,out,IDLE
1680.963,in,argProvider1
1694.535,out,argProvider1
1694.972,in,argProvider2
1696.636,out,argProvider2
1697.892,in,IDLE
1698.275,out,IDLE
1698.945,in,Tmr Svc
1699.619,out,Tmr Svc
1700.163,in,argProvider1
1709.131,out,argProvider1
1709.584,in,argProvider2
1711.351,out,argProvider2
1711.554,in,IDLE
1714.334,out,IDLE
1714.485,in,argProvider1
1723.947,out,argProvider1
1724.377,in,argProvider2
1726.052,out,argProvider2
1726.607,in,IDLE
1727.067,out,IDLE
1727.700,in,argProvider1
1739.994,out,argProvider1
1740.446,in,argProvider2
1742.023,out,argProvider2
1742.605,in,IDLE
1743.257,out,IDLE
1743.742,in,argProvider1
1754.850,out,argProvider1
1755.457,in,argProvider2
1757.048,out,argProvider2
1757.596,in,IDLE
1758.160,out,IDLE
1758.659,in,argProvider1
1769.830,out,argProvider1
1770.192,in,argProvider2
1771.551,out,argProvider2
1771.942,in,IDLE
1772.268,out,IDLE
1772.592,in,argProvider1
1772.910,out,argProvider1
1773.232,in,argProvider2
1773.555,out,argProvider2
1773.873,in,IDLE
1774.198,out,IDLE
1774.513,in,argProvider1
1774.830,out,argProvider1
1775.159,in,argProvider2
1775.479,out,argProvider2
1775.795,in,IDLE
1776.120,out,IDLE
1776.456,in,argProvider1
1777.060,out,argProvider1
1777.399,in,argProvider2
1778.057,out,argProvider2
1778.395,in,IDLE
1779.056,out,IDLE
1779.395,in,argProvider1
1780.069,out,argProvider1
1780.843,in,argProvider2
1781.280,out,argProvider2
1781.676,in,IDLE
1782.106,out,IDLE
1782.526,in,argProvider1
1783.084,out,argProvider1
1783.446,in,argProvider2
1784.060,out,argProvider2
1784.417,in,IDLE
1787.131,out,IDLE
1787.496,in,argProvider1
1788.259,out,argProvider1
1788.852,in,argProvider2
1789.183,out,argProvider2
1789.488,in,IDLE
1790.060,out,IDLE
1790.392,in,argProvider1
1791.054,out,argProvider1
1791.361,in,argProvider2
1792.071,out,argProvider2
1792.356,in,IDLE
1792.649,out,IDLE
1792.946,in,Tmr Svc
1793.249,out,Tmr Svc
1793.545,in,argProvider1
1794.051,out,argProvider1
1794.386,in,argProvider2
1795.051,out,argProvider2
1795.354,in,IDLE
1795.670,out,IDLE
1796.006,in,argProvider1
1796.270,out,argProvider1
1796.612,in,argProvider2
1797.110,out,argProvider2
1798.020,in,IDLE
1798.378,out,IDLE
1798.717,in,argProvider1
1799.079,out,argProvider1
1799.542,in,argProvider2
1802.316,out,argProvider2
1802.708,in,IDLE
1803.319,out,IDLE
1803.688,in,argProvider1
1816.929,out,argProvider1
1817.362,in,argProvider2
1819.067,out,argProvider2
1819.639,in,IDLE
1820.260,out,IDLE
1820.741,in,argProvider1
1832.560,out,argProvider1
1833.127,in,argProvider2
1834.509,out,argProvider2
1835.120,in,IDLE
1846.807,out,IDLE
1849.082,in,argProvider1
1849.775,out,argProvider1
1850.251,in,argProvider2
1850.907,out,argProvider2
1851.353,in,IDLE
1851.936,out,IDLE
1852.573,in,argProvider1
1853.070,out,argProvider1
1853.597,in,argProvider2
1854.200,out,argProvider2
1854.691,in,IDLE
1855.164,out,IDLE
1855.261,in,argProvider1
1855.641,out,argProvider1
1856.225,in,TX
1856.627,out,TX
1857.808,in,argProvider2
1859.257,out,argProvider2
1859.624,in,IDLE
1859.952,out,IDLE
1860.279,in,argProvider1
1864.413,out,argProvider1
1864.811,in,TX
1865.361,out,TX
1865.728,in,argProvider2
1866.047,out,argProvider2
1866.385,in,IDLE
1866.705,out,IDLE
1867.035,in,Tmr Svc
1867.351,out,Tmr Svc
1867.668,in,argProvider1
1868.079,out,argProvider1
1868.438,in,TX
1868.734,out,TX
1869.081,in,argProvider2
1869.382,out,argProvider2
1869.701,in,IDLE
1870.020,out,IDLE
1870.343,in,argProvider1
1870.662,out,argProvider1
1870.980,in,argProvider2
1871.300,out,argProvider2
1871.617,in,IDLE
1872.053,out,IDLE
1872.424,in,argProvider1
1873.063,out,argProvider1
1873.395,in,argProvider2
1874.056,out,argProvider2
1874.803,in,IDLE
1875.175,out,IDLE
1875.466,in,argProvider1
1876.060,out,argProvider1
1876.417,in,argProvider2
1879.044,out,argProvider2
1879.388,in,IDLE
1879.986,out,IDLE
1880.387,in,argProvider1
1893.009,out,argProvider1
1893.439,in,argProvider2
1895.201,out,argProvider2
1895.824,in,TX
1896.296,out,TX
1896.883,in,IDLE
1897.621,out,IDLE
1898.276,in,Tmr Svc
1898.755,out,Tmr Svc
1899.259,in,argProvider1
1908.036,out,argProvider1
1908.539,in,argProvider2
1910.878,out,argProvider2
1911.449,in,TX
1911.832,out,TX
1912.230,in,IDLE
1912.677,out,IDLE
1913.036,in,argProvider1
1924.000,out,argProvider1
1924.442,in,argProvider2
1926.015,out,argProvider2
1928.128,in,TX
1928.481,out,TX
1928.858,in,IDLE
1939.056,out,IDLE
1939.512,in,argProvider1
1941.372,out,argProvider1
1941.969,in,argProvider2
1942.496,out,argProvider2
1943.117,in,TX
1945.682,out,TX
1946.006,in,IDLE
1946.322,out,IDLE
1946.632,in,argProvider1
1955.013,out,argProvider1
1955.323,in,argProvider2
1956.745,out,argProvider2
1957.212,in,TX
1957.559,out,TX
1957.928,in,IDLE
1958.286,out,IDLE
1958.633,in,Tmr Svc
1958.928,out,Tmr Svc
1959.223,in,argProvider1
1970.193,out,argProvider1
1972.054,in,argProvider2
1973.468,out,argProvider2
1973.914,in,TX
1975.033,out,TX
1975.349,in,IDLE
1975.662,out,IDLE
1975.967,in,argProvider1
1984.937,out,argProvider1
1985.381,in,argProvider2
1987.067,out,argProvider2
1987.655,in,IDLE
1988.255,out,IDLE
1988.689,in,argProvider1
1999.882,out,argProvider1
2000.350,in,argProvider2
2001.875,out,argProvider2
2002.457,in,IDLE
2003.095,out,IDLE
2005.924,in,argProvider1
2016.183,out,argProvider1
2016.625,in,argProvider2
2018.224,out,argProvider2
2018.807,in,IDLE
2019.419,out,IDLE
2019.864,in,argProvider1
2021.002,out,argProvider1
2021.443,in,argProvider2
2021.772,out,argProvider2
2022.129,in,IDLE
2022.408,out,IDLE
2022.721,in,argProvider1
2023.068,out,argProvider1
2023.413,in,argProvider2
2024.056,out,argProvider2
2024.385,in,IDLE
2025.050,out,IDLE
2025.369,in,argProvider1
2026.075,out,argProvider1
2026.369,in,argProvider2
2027.077,out,argProvider2
2027.372,in,IDLE
2028.110,out,IDLE
2028.425,in,argProvider1
2029.056,out,argProvider1
2029.651,in,argProvider2
2032.337,out,argProvider2
2032.671,in,IDLE
2033.338,out,IDLE
2033.702,in,argProvider1
2045.836,out,argProvider1
2046.721,in,argProvider2
2048.902,out,argProvider2
2049.376,in,IDLE
2049.876,out,IDLE
2050.233,in,argProvider1
2061.988,out,argProvider1
2062.434,in,argProvider2
2064.137,out,argProvider2
2064.759,in,IDLE
2065.444,out,IDLE
2066.058,in,argProvider1
2077.282,out,argProvider1
2077.866,in,argProvider2
2079.605,out,argProvider2
2081.169,in,IDLE
2082.917,out,IDLE
2083.319,in,argProvider1
2091.790,out,argProvider1
2092.177,in,argProvider2
2093.557,out,argProvider2
2094.101,in,IDLE
2094.688,out,IDLE
2095.193,in,Tmr Svc
2095.841,out,Tmr Svc
2096.404,in,argProvider1
2096.853,out,argProvider1
2097.650,in,argProvider2
2098.417,out,argProvider2
2099.081,in,IDLE
2099.408,out,IDLE
2099.728,in,argProvider1
2100.061,out,argProvider1
2100.373,in,argProvider2
2101.070,out,argProvider2
2101.421,in,IDLE
2101.745,out,IDLE
2102.064,in,argProvider1
2102.391,out,argProvider1
2102.716,in,argProvider2
2103.074,out,argProvider2
2103.370,in,IDLE
2104.055,out,IDLE
2104.384,in,argProvider1
2105.058,out,argProvider1
2105.388,in,argProvider2
2106.060,out,argProvider2
2106.404,in,IDLE
2109.282,out,IDLE
2109.640,in,argProvider1
2110.260,out,argProvider1
2110.606,in,argProvider2
2110.931,out,argProvider2
2111.245,in,IDLE
2111.576,out,IDLE
2111.881,in,argProvider1
2112.194,out,argProvider1
2112.502,in,argProvider2
2113.081,out,argProvider2
2113.436,in,IDLE
2114.060,out,IDLE
2114.474,in,argProvider1
2115.139,out,argProvider1
2115.206,in,argProvider2
2116.116,out,argProvider2
2116.437,in,IDLE
2117.057,out,IDLE
2117.409,in,argProvider1
2118.057,out,argProvider1
2118.393,in,argProvider2
2119.070,out,argProvider2
2119.399,in,IDLE
2119.717,out,IDLE
2120.068,in,Tmr Svc
2120.368,out,Tmr Svc
2120.686,in,argProvider1
2121.080,out,argProvider1
2121.403,in,argProvider2
2124.002,out,argProvider2
2124.802,in,IDLE
2125.441,out,IDLE
2125.806,in,argProvider1
2137.817,out,argProvider1
2138.167,in,argProvider2
2139.760,out,argProvider2
2140.193,in,IDLE
2140.740,out,IDLE
2141.041,in,argProvider1
2152.725,out,argProvider1
2153.024,in,argProvider2
2154.297,out,argProvider2
2154.665,in,IDLE
2154.967,out,IDLE
2155.275,in,argProvider1
2155.571,out,argProvider1
2155.869,in,argProvider2
2156.173,out,argProvider2
2156.468,in,IDLE
2156.772,out,IDLE
2157.188,in,argProvider1
2157.755,out,argProvider1
2158.101,in,argProvider2
2158.381,out,argProvider2
2158.688,in,IDLE
2159.077,out,IDLE
2159.386,in,argProvider1
2160.052,out,argProvider1
2160.366,in,argProvider2
2161.079,out,argProvider2
2161.363,in,IDLE
2162.094,out,IDLE
2162.389,in,argProvider1
2163.052,out,argProvider1
2163.360,in,argProvider2
2164.055,out,argProvider2
2164.503,in,IDLE
2165.086,out,IDLE
2165.727,in,argProvider1
2166.126,out,argProvider1
2166.420,in,argProvider2
2169.349,out,argProvider2
2169.685,in,IDLE
2170.288,out,IDLE
2170.634,in,argProvider1
2170.964,out,argProvider1
2171.265,in,argProvider2
2172.048,out,argProvider2
2172.342,in,IDLE
2173.114,out,IDLE
2173.758,in,argProvider1
2175.039,out,argProvider1
2175.311,in,argProvider2
2176.055,out,argProvider2
2176.362,in,IDLE
2176.664,out,IDLE
2176.959,in,Tmr Svc
2177.260,out,Tmr Svc
2177.562,in,argProvider1
2178.052,out,argProvider1
2178.386,in,argProvider2
2179.052,out,argProvider2
2179.361,in,IDLE
2179.682,out,IDLE
2179.992,in,argProvider1
2180.302,out,argProvider1
2180.757,in,argProvider2
2181.125,out,argProvider2
2181.517,in,IDLE
2182.092,out,IDLE
2182.789,in,argProvider1
2185.327,out,argProvider1
2185.706,in,argProvider2
2186.391,out,argProvider2
2186.740,in,IDLE
2197.234,out,IDLE
2197.711,in,Tmr Svc
2198.422,out,Tmr Svc
2198.859,in,argProvider1
2200.219,out,argProvider1
2200.537,in,argProvider2
2202.023,out,argProvider2
2202.560,in,IDLE
2203.036,out,IDLE
2203.476,in,argProvider1
2203.926,out,argProvider1
2204.381,in,argProvider2
2204.709,out,argProvider2
2204.821,in,IDLE
2205.214,out,IDLE
2205.648,in,argProvider1
2206.073,out,argProvider1
2206.561,in,argProvider2
2207.169,out,argProvider2
2208.407,in,IDLE
2208.719,out,IDLE
2209.035,in,argProvider1
2209.343,out,argProvider1
2209.688,in,argProvider2
2210.087,out,argProvider2
2210.491,in,IDLE
2211.057,out,IDLE
2211.407,in,argProvider1
2212.059,out,argProvider1
2212.397,in,argProvider2
2213.058,out,argProvider2
2213.392,in,IDLE
2214.059,out,IDLE
2214.441,in,argProvider1
2217.158,out,argProvider1
2217.537,in,argProvider2
2218.189,out,argProvider2
2218.524,in,IDLE
2225.693,out,IDLE
2226.018,in,Tmr Svc
2226.451,out,Tmr Svc
2226.799,in,argProvider1
2231.276,out,argProvider1
2232.286,in,argProvider2
2232.848,out,argProvider2
2233.370,in,IDLE
2233.821,out,IDLE
2234.245,in,argProvider1
2245.645,out,argProvider1
2246.014,in,argProvider2
2247.558,out,argProvider2
2248.236,in,IDLE
2249.677,out,IDLE
2250.277,in,argProvider1
2250.641,out,argProvider1
2251.021,in,argProvider2
2251.351,out,argProvider2
2251.669,in,IDLE
2252.048,out,IDLE
2252.375,in,argProvider1
2252.894,out,argProvider1
2253.242,in,argProvider2
2253.905,out,argProvider2
2254.204,in,IDLE
2254.930,out,IDLE
2255.260,in,argProvider1
2255.892,out,argProvider1
2256.231,in,argProvider2
2256.896,out,argProvider2
2257.199,in,IDLE
2257.941,out,IDLE
2258.649,in,argProvider1
2258.975,out,argProvider1
2259.283,in,argProvider2
2261.681,out,argProvider2
2262.026,in,IDLE
2262.590,out,IDLE
2262.911,in,argProvider1
2276.790,out,argProvider1
2276.975,in,argProvider2
2278.027,out,argProvider2
2279.614,in,IDLE
2279.962,out,IDLE
2280.304,in,argProvider1
2292.412,out,argProvider1
2294.517,in,argProvider2
2296.057,out,argProvider2
2296.484,in,IDLE
2296.871,out,IDLE
2297.861,in,Tmr Svc
2298.148,out,Tmr Svc
2298.534,in,argProvider1
2307.752,out,argProvider1
2308.169,in,argProvider2
2309.669,out,argProvider2
2310.883,in,IDLE
2311.262,out,IDLE
2311.635,in,argProvider1
2323.785,out,argProvider1
2324.236,in,argProvider2
2325.740,out,argProvider2
2326.641,in,IDLE
2327.245,out,IDLE
2327.652,in,argProvider1
2328.178,out,argProvider1
2328.570,in,argProvider2
2328.948,out,argProvider2
2329.311,in,IDLE
2329.675,out,IDLE
2330.046,in,argProvider1
2330.407,out,argProvider1
2330.860,in,argProvider2
2331.252,out,argProvider2
2331.700,in,IDLE
2332.031,out,IDLE
2332.353,in,argProvider1
2332.836,out,argProvider1
2333.226,in,argProvider2
2333.847,out,argProvider2
2334.625,in,IDLE
2334.968,out,IDLE
2335.294,in,argProvider1
2335.607,out,argProvider1
2335.936,in,argProvider2
2336.260,out,argProvider2
2336.577,in,IDLE
2336.910,out,IDLE
2337.224,in,argProvider1
2337.846,out,argProvider1
2338.204,in,argProvider2
2340.728,out,argProvider2
2341.102,in,IDLE
2341.723,out,IDLE
2342.437,in,argProvider1
2354.397,out,argProvider1
2354.750,in,argProvider2
2356.239,out,argProvider2
2356.645,in,IDLE
2357.000,out,IDLE
2357.357,in,argProvider1
2357.751,out,argProvider1
2358.144,in,argProvider2
2358.531,out,argProvider2
2358.915,in,IDLE
2359.522,out,IDLE
2359.848,in,argProvider1
2360.159,out,argProvider1
2360.461,in,argProvider2
2360.840,out,argProvider2
2361.140,in,IDLE
2361.439,out,IDLE
2361.742,in,Tmr Svc
2362.044,out,Tmr Svc
2362.340,in,argProvider1
2362.818,out,argProvider1
2363.163,in,argProvider2
2363.816,out,argProvider2
2364.254,in,IDLE
2364.709,out,IDLE
2365.053,in,argProvider1
2365.378,out,argProvider1
2365.684,in,argProvider2
2366.029,out,argProvider2
2366.340,in,IDLE
2366.837,out,IDLE
2366.903,in,argProvider1
2367.858,out,argProvider1
2368.224,in,argProvider2
2370.668,out,argProvider2
2371.014,in,IDLE
2371.616,out,IDLE
2371.950,in,argProvider1
2385.482,out,argProvider1
2385.825,in,argProvider2
2387.416,out,argProvider2
2387.891,in,IDLE
2388.360,out,IDLE
2388.805,in,Tmr Svc
2389.291,out,Tmr Svc
2389.702,in,argProvider1
2390.150,out,argProvider1
2390.562,in,argProvider2
2390.979,out,argProvider2
2391.398,in,IDLE
2392.215,out,IDLE
2392.995,in,argProvider1
2393.305,out,argProvider1
2393.602,in,argProvider2
2402.401,out,argProvider2
2402.749,in,IDLE
2403.415,out,IDLE
2403.783,in,argProvider1
2404.107,out,argProvider1
2404.597,in,argProvider2
2404.956,out,argProvider2
2405.271,in,IDLE
2405.601,out,IDLE
2405.938,in,argProvider1
2406.393,out,argProvider1
2406.808,in,argProvider2
2407.386,out,argProvider2
2407.744,in,IDLE
2408.385,out,IDLE
2408.730,in,argProvider1
2409.387,out,argProvider1
2410.041,in,argProvider2
2410.406,out,argProvider2
2410.701,in,IDLE
2411.408,out,IDLE
2411.727,in,argProvider1
2412.382,out,argProvider1
2412.721,in,argProvider2
2413.399,out,argProvider2
2413.726,in,IDLE
2414.411,out,IDLE
2414.855,in,argProvider1
2415.400,out,argProvider1
2415.765,in,argProvider2
2418.534,out,argProvider2
2418.878,in,IDLE
2419.536,out,IDLE
2419.932,in,argProvider1
2433.079,out,argProvider1
2433.523,in,argProvider2
2435.135,out,argProvider2
2435.728,in,IDLE
2436.500,out,IDLE
2436.992,in,argProvider1
2437.424,out,argProvider1
2437.808,in,argProvider2
2448.637,out,argProvider2
2449.354,in,IDLE
2449.931,out,IDLE
2450.550,in,argProvider1
2451.090,out,argProvider1
2451.988,in,argProvider2
2452.333,out,argProvider2
2452.771,in,IDLE
2453.906,out,IDLE
2454.299,in,Tmr Svc
2454.684,out,Tmr Svc
2455.064,in,argProvider1
2465.213,out,argProvider1
2465.727,in,argProvider2
2466.142,out,argProvider2
2466.513,in,IDLE
2467.023,out,IDLE
2467.486,in,argProvider1
2467.991,out,argProvider1
2468.572,in,argProvider2
2469.137,out,argProvider2
2469.226,in,IDLE
2469.582,out,IDLE
2470.191,in,argProvider1
2471.058,out,argProvider1
2471.375,in,argProvider2
2471.684,out,argProvider2
2472.009,in,IDLE
2472.311,out,IDLE
2472.620,in,argProvider1
2473.055,out,argProvider1
2473.438,in,argProvider2
2474.003,out,argProvider2
2474.342,in,IDLE
2475.002,out,IDLE
2475.323,in,argProvider1
2476.001,out,argProvider1
2476.323,in,argProvider2
2477.003,out,argProvider2
2477.345,in,IDLE
2480.201,out,IDLE
2480.643,in,argProvider1
2481.504,out,argProvider1
2481.948,in,argProvider2
2494.724,out,argProvider2
2495.148,in,IDLE
2496.864,out,IDLE
2497.402,in,Tmr Svc
2497.870,out,Tmr Svc
2498.614,in,argProvider1
2499.159,out,argProvider1
2499.539,in,argProvider2
2499.974,out,argProvider2
2500.060,in,IDLE
2500.463,out,IDLE
2500.590,in,argProvider1
2501.043,out,argProvider1
2501.493,in,argProvider2
2502.001,out,argProvider2
2502.465,in,IDLE
2502.845,out,IDLE
2503.297,in,argProvider1
2503.775,out,argProvider1
2504.220,in,argProvider2
2504.899,out,argProvider2
2506.367,in,IDLE
2506.706,out,IDLE
2507.036,in,argProvider1
2511.585,out,argProvider1
2511.851,in,argProvider2
2512.520,out,argProvider2
2512.855,in,IDLE
2513.186,out,IDLE
2513.485,in,argProvider1
2513.785,out,argProvider1
2514.492,in,argProvider2
2515.045,out,argProvider2
2515.373,in,IDLE
2515.684,out,IDLE
2516.005,in,argProvider1
2516.312,out,argProvider1
2516.617,in,argProvider2
2517.026,out,argProvider2
2517.341,in,IDLE
2518.044,out,IDLE
2518.335,in,argProvider1
2519.003,out,argProvider1
2519.323,in,argProvider2
2520.027,out,argProvider2
2520.329,in,IDLE
2521.003,out,IDLE
2521.320,in,argProvider1
2522.027,out,argProvider1
2523.068,in,argProvider2
2523.389,out,argProvider2
2523.712,in,IDLE
2524.031,out,IDLE
2524.346,in,argProvider1
2525.001,out,argProvider1
2525.335,in,argProvider2
2527.880,out,argProvider2
2528.229,in,IDLE
2528.832,out,IDLE
2529.202,in,argProvider1
2542.696,out,argProvider1
2543.091,in,argProvider2
2544.592,out,argProvider2
2545.059,in,IDLE
2545.542,out,IDLE
2546.028,in,argProvider1
2558.764,out,argProvider1
2559.090,in,argProvider2
2560.411,out,argProvider2
2560.774,in,IDLE
2561.099,out,IDLE
2561.412,in,argProvider1
2561.730,out,argProvider1
2562.043,in,argProvider2
2562.352,out,argProvider2
2562.668,in,IDLE
2562.985,out,IDLE
2563.297,in,Tmr Svc
2563.607,out,Tmr Svc
2563.978,in,argProvider1
2565.161,out,argProvider1
2565.454,in,argProvider2
2565.787,out,argProvider2
2566.125,in,IDLE
2566.440,out,IDLE
2566.758,in,argProvider1
2567.121,out,argProvider1
2567.416,in,argProvider2
2568.015,out,argProvider2
2568.385,in,IDLE
2568.744,out,IDLE
2569.048,in,argProvider1
2569.385,out,argProvider1
2569.718,in,argProvider2
2570.048,out,argProvider2
2570.373,in,IDLE
2571.021,out,IDLE
2571.411,in,argProvider1
2572.013,out,argProvider1
2572.372,in,argProvider2
2575.188,out,argProvider2
2575.541,in,IDLE
2576.176,out,IDLE
2576.517,in,argProvider1
2588.573,out,argProvider1
2588.848,in,argProvider2
2590.335,out,argProvider2
2590.739,in,TX
2591.128,out,TX
2591.546,in,IDLE
2592.026,out,IDLE
2592.362,in,argProvider1
2592.814,out,argProvider1
2593.207,in,argProvider2
2593.619,out,argProvider2
2594.025,in,TX
2594.429,out,TX
2594.853,in,IDLE
2595.269,out,IDLE
2595.675,in,argProvider1
2596.087,out,argProvider1
2596.494,in,argProvider2
2597.034,out,argProvider2
2598.033,in,TX
2598.332,out,TX
2598.769,in,IDLE
2599.409,out,IDLE
2599.814,in,Tmr Svc
2600.122,out,Tmr Svc
2600.476,in,argProvider1
2600.761,out,argProvider1
2601.065,in,argProvider2
2601.365,out,argProvider2
2601.668,in,TX
